{
  "RAINFALL": 0.38781896949291056,
  "ELEVATION": 0.24687352396550077,
  "LULC": 0.11395361822856072,
  "DRAINAGE": 0.06644582931216908,
  "NDVI": 0.0537180930174735,
  "SPI": 0.03157024611060169,
  "LITHOLOGY": 0.03084411898017638,
  "TWI": 0.029128796223400432,
  "SLOPE": 0.023305003002266518,
  "CURVATURE": 0.016341801666940374
}