{
  "ELEVATION": {
    "mean": 1.2685284640171859,
    "std": 0.5080313611306212,
    "min": 1.0,
    "max": 5.0
  },
  "CURVATURE": {
    "mean": 3.2953813104189043,
    "std": 0.9785138757583975,
    "min": 1.0,
    "max": 5.0
  },
  "DRAINAGE": {
    "mean": 1.2896527031865377,
    "std": 0.5002402585802884,
    "min": 1.0,
    "max": 5.0
  },
  "LITHOLOGY": {
    "mean": 2.326530612244898,
    "std": 0.6390481599441685,
    "min": 1.0,
    "max": 5.0
  },
  "LULC": {
    "mean": 3.0784103114930184,
    "std": 1.0177205240676512,
    "min": 1.0,
    "max": 5.0
  },
  "NDVI": {
    "mean": 3.7683494450411743,
    "std": 0.9121753045077917,
    "min": 1.0,
    "max": 5.0
  },
  "RAINFALL": {
    "mean": 1.037593984962406,
    "std": 0.3525656229325756,
    "min": 1.0,
    "max": 5.0
  },
  "SLOPE": {
    "mean": 1.8610812746151093,
    "std": 0.8249553983234588,
    "min": 1.0,
    "max": 5.0
  },
  "SPI": {
    "mean": 2.1106337271750806,
    "std": 1.3439365820757465,
    "min": 1.0,
    "max": 5.0
  },
  "TWI": {
    "mean": 1.7121374865735768,
    "std": 0.5368106425029457,
    "min": 1.0,
    "max": 5.0
  }
}