{
  "accuracy": 0.9928443649373881,
  "precision": 0.6666666666666666,
  "recall": 1.0,
  "f1_score": 0.8,
  "roc_auc_test": 0.9993194192377496,
  "roc_auc_cv_mean": 0.9911522851014685,
  "roc_auc_cv_std": 0.012590123151276705,
  "confusion_matrix": [
    [
      547,
      4
    ],
    [
      0,
      8
    ]
  ],
  "n_train": 2234,
  "n_test": 559,
  "positive_rate": 0.013963480128893663
}